"Path","SizeMB","Ext","InResources","InStreamingAssets","InPlugins","Risk"
"Assets/@PaulosCreations/RunesAndPortals/PortalRound/TexturesMaterials/PortalRound_Normal.png","103.06",".png","False","False","False","Low"
"Assets/@PaulosCreations/RunesAndPortals/Props/TexturesMaterials/Props_Normal_GL.png","84.49",".png","False","False","False","Low"
"Assets/Model/Dallas_City/Textures/Dallas-Part_1.png","76.24",".png","False","False","False","Low"
"Assets/@PaulosCreations/RunesAndPortals/RuneStone/TexturesMaterials/RunePortal_MetallicSmoothness.tga","64",".tga","False","False","False","Low"
"Assets/@PaulosCreations/RunesAndPortals/Demo/ArenaFloorNorm_4096.tga","64",".tga","False","False","False","Low"
"Assets/@PaulosCreations/RunesAndPortals/Demo/ArenaFloorT_4096.tga","64",".tga","False","False","False","Low"
"Assets/Model/Dallas_City/Textures/Dallas-Part_3.jpg","49.61",".jpg","False","False","False","Low"
"Assets/Model/Dallas_City/Textures/Dallas-Part_2.jpg","48.83",".jpg","False","False","False","Low"
"Assets/@PaulosCreations/RunesAndPortals/RuneStone/TexturesMaterials/RunePortal_Albedo.tga","48",".tga","False","False","False","Low"
"Assets/@PaulosCreations/RunesAndPortals/RuneStone/TexturesMaterials/RunePortal_Normal.tga","48",".tga","False","False","False","Low"
"Assets/Model/Dallas_City/Textures/Dallas-Part_4.jpg","40.56",".jpg","False","False","False","Low"
"Assets/@PaulosCreations/RunesAndPortals/PortalGate_Simple/TexturesMaterials/Portal_MetallicSmoothness.png","39.74",".png","False","False","False","Low"
"Assets/Model/Dallas_City/Textures/Dallas-Part_5.jpg","34.63",".jpg","False","False","False","Low"
"Assets/@PaulosCreations/RunesAndPortals/PortalRound/TexturesMaterials/PortalRound_Color.png","29.72",".png","False","False","False","Low"
"Assets/Model/Dallas_City/Textures/Dallas-Part_6.jpg","28.13",".jpg","False","False","False","Low"
"Assets/@PaulosCreations/RunesAndPortals/Rift/TexturesMaterials/Rift_Normal_GL.png","27.07",".png","False","False","False","Low"
"Assets/@PaulosCreations/RunesAndPortals/PortalGate/TexturesMaterials/PortalGate_Normal_GL.png","26.53",".png","False","False","False","Low"
"Assets/Model/Dallas_City/Scenes/SampleScene/ReflectionProbe-1.exr","26.38",".exr","False","False","False","Low"
"Assets/@PaulosCreations/RunesAndPortals/Props/TexturesMaterials/Props_Color.png","25.15",".png","False","False","False","Low"
"Assets/@PaulosCreations/RunesAndPortals/PortalGate_Simple/TexturesMaterials/Portal_Albedo.png","24.03",".png","False","False","False","Low"
"Assets/Model/TEXTURES/glock_4K_Normal.png","23.98",".png","False","False","False","Low"
"Assets/@PaulosCreations/RunesAndPortals/Rift/TexturesMaterials/Rift_Color.png","21.71",".png","False","False","False","Low"
"Assets/Model/textureChuboss/texture_pbr_20250901.001.png","15.39",".png","False","False","False","Low"
"Assets/Model/zakoTexture/texture_pbr_20250901.002.png","15.38",".png","False","False","False","Low"
"Assets/@PaulosCreations/RunesAndPortals/PortalGate/TexturesMaterials/PortalGate_Color.png","15.34",".png","False","False","False","Low"
"Assets/Model/TextureHorro/texture_pbr_20250901_metallic-texture_pbr_20250901_roughness.png","14.02",".png","False","False","False","Low"
"Assets/Model/TextureHorro/texture_pbr_20250901_metallic-texture_pbr_20250901_roughnes.png","13.59",".png","False","False","False","Low"
"Assets/Model/uploads_files_1894371_lp_01+-+Default_BaseColor.tga","12",".tga","False","False","False","Low"
"Assets/Model/textureChuboss/texture_pbr_20250901_metallic-texture_pbr_20250901_roughnes.png","11.69",".png","False","False","False","Low"
"Assets/Model/vans_fbx.fbx","10.97",".fbx","False","False","False","Low"
"Assets/Model/TextureHorro/Gemini_Generated_Image_hknihghknihghkni.png","10.47",".png","False","False","False","Low"
"Assets/Model/TEXTURES/glock_4K_BaseColor.png","10.29",".png","False","False","False","Low"
"Assets/Model/TextureHorro/Gemini_Generated_Image_qz09sbqz09sbqz09.png","9.83",".png","False","False","False","Low"
"Assets/Model/TextureHorro/Gemini_Generated_Image_nsrjksnsrjksnsrj.png","9",".png","False","False","False","Low"
"Assets/Model/TextureHorro/Gemini_Generated_Image_3twrnj3twrnj3twr 1.png","8.9",".png","False","False","False","Low"
"Assets/Model/TextureHorro/Gemini_Generated_Image_3twrnj3twrnj3twr.png","8.9",".png","False","False","False","Low"
"Assets/SU3DJPFont/TextMeshProFont/Selected/mplus-1c-regular SDF.asset","8.72",".asset","False","False","False","Low"
"Assets/SU3DJPFont/TextMeshProFont/Selected/mplus-1c-black SDF.asset","8.72",".asset","False","False","False","Low"
"Assets/SU3DJPFont/TextMeshProFont/Selected/mplus-1p-black SDF.asset","8.71",".asset","False","False","False","Low"
"Assets/SU3DJPFont/TextMeshProFont/Selected/mplus-1mn-thin SDF.asset","8.71",".asset","False","False","False","Low"
"Assets/SU3DJPFont/TextMeshProFont/Selected/mplus-1mn-medium SDF.asset","8.71",".asset","False","False","False","Low"
"Assets/SU3DJPFont/TextMeshProFont/Selected/mplus-1mn-regular SDF.asset","8.71",".asset","False","False","False","Low"
"Assets/SU3DJPFont/TextMeshProFont/Selected/mplus-1p-bold SDF.asset","8.71",".asset","False","False","False","Low"
"Assets/SU3DJPFont/TextMeshProFont/Selected/mplus-1p-heavy SDF.asset","8.71",".asset","False","False","False","Low"
"Assets/SU3DJPFont/TextMeshProFont/Selected/mplus-1p-light SDF.asset","8.71",".asset","False","False","False","Low"
"Assets/SU3DJPFont/TextMeshProFont/Selected/mplus-2p-bold SDF.asset","8.71",".asset","False","False","False","Low"
"Assets/SU3DJPFont/TextMeshProFont/Selected/mplus-2p-thin SDF.asset","8.71",".asset","False","False","False","Low"
"Assets/SU3DJPFont/TextMeshProFont/Selected/mplus-2p-light SDF.asset","8.71",".asset","False","False","False","Low"
"Assets/SU3DJPFont/TextMeshProFont/Selected/mplus-2p-regular SDF.asset","8.71",".asset","False","False","False","Low"
"Assets/SU3DJPFont/TextMeshProFont/Selected/mplus-1c-thin SDF.asset","8.71",".asset","False","False","False","Low"
"Assets/SU3DJPFont/TextMeshProFont/Selected/mplus-1m-light SDF.asset","8.71",".asset","False","False","False","Low"
"Assets/SU3DJPFont/TextMeshProFont/Selected/mplus-1c-heavy SDF.asset","8.71",".asset","False","False","False","Low"
"Assets/SU3DJPFont/TextMeshProFont/Selected/mplus-1c-light SDF.asset","8.71",".asset","False","False","False","Low"
"Assets/SU3DJPFont/TextMeshProFont/Selected/mplus-1c-medium SDF.asset","8.71",".asset","False","False","False","Low"
"Assets/SU3DJPFont/TextMeshProFont/Selected/mplus-1mn-bold SDF.asset","8.71",".asset","False","False","False","Low"
"Assets/SU3DJPFont/TextMeshProFont/Selected/mplus-1mn-light SDF.asset","8.71",".asset","False","False","False","Low"
"Assets/SU3DJPFont/TextMeshProFont/Selected/mplus-2p-medium SDF.asset","8.71",".asset","False","False","False","Low"
"Assets/SU3DJPFont/TextMeshProFont/Selected/mplus-1m-medium SDF.asset","8.71",".asset","False","False","False","Low"
"Assets/SU3DJPFont/TextMeshProFont/Selected/mplus-1m-regular SDF.asset","8.71",".asset","False","False","False","Low"
"Assets/SU3DJPFont/TextMeshProFont/Selected/mplus-2c-black SDF.asset","8.71",".asset","False","False","False","Low"
"Assets/SU3DJPFont/TextMeshProFont/Selected/mplus-2c-bold SDF.asset","8.71",".asset","False","False","False","Low"
"Assets/SU3DJPFont/TextMeshProFont/Selected/mplus-2c-medium SDF.asset","8.71",".asset","False","False","False","Low"
"Assets/SU3DJPFont/TextMeshProFont/Selected/mplus-2m-bold SDF.asset","8.71",".asset","False","False","False","Low"
"Assets/SU3DJPFont/TextMeshProFont/Selected/mplus-2m-light SDF.asset","8.71",".asset","False","False","False","Low"
"Assets/SU3DJPFont/TextMeshProFont/Selected/mplus-2c-light SDF.asset","8.71",".asset","False","False","False","Low"
"Assets/SU3DJPFont/TextMeshProFont/Selected/mplus-2c-regular SDF.asset","8.71",".asset","False","False","False","Low"
"Assets/SU3DJPFont/TextMeshProFont/Selected/mplus-2c-thin SDF.asset","8.71",".asset","False","False","False","Low"
"Assets/SU3DJPFont/TextMeshProFont/Selected/mplus-2c-heavy SDF.asset","8.71",".asset","False","False","False","Low"
"Assets/SU3DJPFont/TextMeshProFont/Selected/mplus-2m-thin SDF.asset","8.71",".asset","False","False","False","Low"
"Assets/SU3DJPFont/TextMeshProFont/Selected/mplus-2p-heavy SDF.asset","8.71",".asset","False","False","False","Low"
"Assets/SU3DJPFont/TextMeshProFont/Selected/mplus-1p-thin SDF.asset","8.71",".asset","False","False","False","Low"
"Assets/SU3DJPFont/TextMeshProFont/Selected/mplus-2p-black SDF.asset","8.71",".asset","False","False","False","Low"
"Assets/SU3DJPFont/TextMeshProFont/Selected/mplus-2m-regular SDF.asset","8.71",".asset","False","False","False","Low"
"Assets/SU3DJPFont/TextMeshProFont/Selected/mplus-1p-regular SDF.asset","8.71",".asset","False","False","False","Low"
"Assets/SU3DJPFont/TextMeshProFont/Selected/mplus-1p-medium SDF.asset","8.71",".asset","False","False","False","Low"
"Assets/SU3DJPFont/TextMeshProFont/Selected/mplus-2m-medium SDF.asset","8.7",".asset","False","False","False","Low"
"Assets/SU3DJPFont/TextMeshProFont/Selected/mplus-1m-thin SDF.asset","8.7",".asset","False","False","False","Low"
"Assets/@PaulosCreations/RunesAndPortals/Props/TexturesMaterials/Props_MetSmooth.png","8.5",".png","False","False","False","Low"
"Assets/Model/zakoTexture/texture_pbr_20250901_metallic-texture_pbr_20250901_roughnes.001.png","8.46",".png","False","False","False","Low"
"Assets/Model/TextureHorro/Gemini_Generated_Image_erh1veerh1veerh1.png","8.39",".png","False","False","False","Low"
"Assets/Model/zakoTexture/texture_pbr_20250901_normal.002.png","8.11",".png","False","False","False","Low"
"Assets/Model/TextureHorro/Gemini_Generated_Image_c4x42ic4x42ic4x4.png","8.06",".png","False","False","False","Low"
"Assets/Model/TextureHorro/Gemini_Generated_Image_c4x42ic4x42ic4x4 1.png","8.06",".png","False","False","False","Low"
"Assets/Model/TextureHorro/Gemini_Generated_Image_qj1yuwqj1yuwqj1y.png","7.95",".png","False","False","False","Low"
"Assets/Model/TextureHorro/Gemini_Generated_Image_hn5ytfhn5ytfhn5y.png","7.81",".png","False","False","False","Low"
"Assets/Model/TextureHorro/Gemini_Generated_Image_et6gudet6gudet6g.png","7.69",".png","False","False","False","Low"
"Assets/Model/TEXTURES/glock_4K_Roughness.png","7.6",".png","False","False","False","Low"
"Assets/@PaulosCreations/RunesAndPortals/PortalRound/TexturesMaterials/PortalRound_MetallicSmoothness.png","7.57",".png","False","False","False","Low"
"Assets/Effect/BloodDecalsAndEffects/BloodGushFX/brainsAndBlood/Textures/Brains_Normal.png","6.11",".png","False","False","False","Low"
"Assets/Model/textureChuboss/texture_pbr_20250901_normal.001.png","5.81",".png","False","False","False","Low"
"Assets/Effect/BloodDecalsAndEffects/TiledRoom/Textures/Tiles/tilesNorm.png","5.15",".png","False","False","False","Low"
"Assets/@PaulosCreations/RunesAndPortals/Effects/Sound/Wind_ShortW.wav","5.07",".wav","False","False","False","Low"
"Assets/@PaulosCreations/RunesAndPortals/PortalGate/TexturesMaterials/PortalGate_MetSmooth.png","4.93",".png","False","False","False","Low"
"Assets/@PaulosCreations/RunesAndPortals/PortalGate_Simple/TexturesMaterials/Portal_Normal.png","4.61",".png","False","False","False","Low"
"Assets/Effect/BloodDecalsAndEffects/BloodGushFX/brainsAndBlood/Textures/Brains_Diffuse.png","4.22",".png","False","False","False","Low"
"Assets/@PaulosCreations/RunesAndPortals/Rift/TexturesMaterials/Rift_MetSmooth.png","4.03",".png","False","False","False","Low"
"Assets/Effect/GabrielAguiarProductions 1/FreeQuickEffectsVol1/Textures/Flame02.png","3.88",".png","False","False","False","Low"
"Assets/Effect/BloodDecalsAndEffects/TiledRoom/Textures/Tiles/TilesAlbedo.png","3.56",".png","False","False","False","Low"
"Assets/Effect/BloodDecalsAndEffects/BloodGushFX/brainsAndBlood/Textures/Brains_SpecGloss.png","3.41",".png","False","False","False","Low"
"Assets/Model/TEXTURES/glock_4K_Metallic.png","3.03",".png","False","False","False","Low"
"Assets/@PaulosCreations/RunesAndPortals/Rift/TexturesMaterials/Rift_Emission.png","2.98",".png","False","False","False","Low"
"Assets/@PaulosCreations/RunesAndPortals/Effects/Sound/Drone_017W.wav","2.53",".wav","False","False","False","Low"
"Assets/Effect/BloodDecalsAndEffects/BloodGushFX/brainsAndBlood/Textures/Brains_Gloss.png","2.25",".png","False","False","False","Low"
"Assets/@PaulosCreations/RunesAndPortals/Effects/Sound/ForceFieldW.wav","2.24",".wav","False","False","False","Low"
"Assets/TextMesh Pro/Resources/Fonts & Materials/LiberationSans SDF.asset","2.16",".asset","False","False","False","Low"
"Assets/Effect/BloodDecalsAndEffects/BloodGushFX/brainsAndBlood/Textures/Brains_Displacement.png","1.8",".png","False","False","False","Low"
"Assets/@PaulosCreations/RunesAndPortals/Effects/Sound/cracklingW.wav","1.68",".wav","False","False","False","Low"
"Assets/@PaulosCreations/RunesAndPortals/Props/TexturesMaterials/Props_Emission.png","1.5",".png","False","False","False","Low"
"Assets/Effect/GabrielAguiarProductions 1/FreeQuickEffectsVol1/Prefabs/vfx_Explosion_02.prefab","1.35",".prefab","False","False","False","Low"
"Assets/Particlecollection_Free samples/Texture/toon_01.png","1.32",".png","False","False","False","Low"
"Assets/@PaulosCreations/RunesAndPortals/Effects/Sound/spiritsMix1.wav","1.3",".wav","False","False","False","Low"
"Assets/Effect/BloodDecalsAndEffects/TiledRoom/Textures/Tiles/tilesNorm_height.png","1.25",".png","False","False","False","Low"
"Assets/@PaulosCreations/RunesAndPortals/Effects/Sound/sparks.wav","1.17",".wav","False","False","False","Low"
"Assets/@PaulosCreations/RunesAndPortals/Effects/Sound/Orb.wav","1.12",".wav","False","False","False","Low"
"Assets/Particlecollection_Free samples/Texture/Sprays_01.png","1.09",".png","False","False","False","Low"
"Assets/@PaulosCreations/RunesAndPortals/PortalRound/TexturesMaterials/PortalRound_Emission.png","0.97",".png","False","False","False","Low"
"Assets/@PaulosCreations/RunesAndPortals/Effects/Particles/Sprites/Noise_1024.png","0.95",".png","False","False","False","Low"
"Assets/Effect/GabrielAguiarProductions 1/FreeQuickEffectsVol1/Prefabs/vfx_Explosion_01.prefab","0.9",".prefab","False","False","False","Low"
"Assets/Effect/BloodDecalsAndEffects/TiledRoom/Textures/Tiles/TilesGloss.png","0.89",".png","False","False","False","Low"
"Assets/@PaulosCreations/RunesAndPortals/Shaders/Noise_0_1024.png","0.85",".png","False","False","False","Low"
"Assets/Effect/GabrielAguiarProductions 1/FreeQuickEffectsVol1/Models/Mountains01.fbx","0.83",".fbx","False","False","False","Low"
"Assets/Particlecollection_Free samples/Prefab/Cleave/power_05.prefab","0.78",".prefab","False","False","False","Low"
"Assets/Particlecollection_Free samples/Prefab/Cleave/power_04.prefab","0.78",".prefab","False","False","False","Low"
"Assets/Particlecollection_Free samples/Prefab/Cleave/power_06.prefab","0.78",".prefab","False","False","False","Low"
"Assets/Particlecollection_Free samples/Prefab/Cleave/power_03.prefab","0.78",".prefab","False","False","False","Low"
"Assets/Particlecollection_Free samples/Prefab/Cleave/power_01 .prefab","0.78",".prefab","False","False","False","Low"
"Assets/Particlecollection_Free samples/Prefab/Cleave/power_02.prefab","0.78",".prefab","False","False","False","Low"
"Assets/@PaulosCreations/RunesAndPortals/Effects/Particles/Sprites/MoonPart.png","0.74",".png","False","False","False","Low"
"Assets/@PaulosCreations/RunesAndPortals/Vortex/Prefabs/PF_Vortex.prefab","0.7",".prefab","False","False","False","Low"
"Assets/@PaulosCreations/RunesAndPortals/PortalGate/Prefabs/PF_PortalGate.prefab","0.69",".prefab","False","False","False","Low"
"Assets/Effect/GabrielAguiarProductions 1/FreeQuickEffectsVol1/Textures/Circle01_v1.png","0.69",".png","False","False","False","Low"
"Assets/Particlecollection_Free samples/Prefab/Hit/Hit_05.prefab","0.68",".prefab","False","False","False","Low"
"Assets/Particlecollection_Free samples/Prefab/Hit/Hit_06.prefab","0.68",".prefab","False","False","False","Low"
"Assets/Effect/GabrielAguiarProductions 1/FreeQuickEffectsVol1/Prefabs/vfx_Heal_01.prefab","0.68",".prefab","False","False","False","Low"
"Assets/Particlecollection_Free samples/Prefab/Hit/Hit_01.prefab","0.68",".prefab","False","False","False","Low"
"Assets/Particlecollection_Free samples/Prefab/Hit/Hit_03.prefab","0.68",".prefab","False","False","False","Low"
"Assets/Effect/GabrielAguiarProductions 1/FreeQuickEffectsVol1/Prefabs/vfx_Heal_02.prefab","0.68",".prefab","False","False","False","Low"
"Assets/Particlecollection_Free samples/Prefab/Hit/Hit_04.prefab","0.68",".prefab","False","False","False","Low"
"Assets/Particlecollection_Free samples/Prefab/Hit/Hit_02.prefab","0.68",".prefab","False","False","False","Low"
"Assets/@PaulosCreations/RunesAndPortals/Rift/Prefabs/PF_Rift.prefab","0.68",".prefab","False","False","False","Low"
"Assets/Particlecollection_Free samples/Prefab/bullet/03.prefab","0.67",".prefab","False","False","False","Low"
"Assets/Particlecollection_Free samples/Prefab/bullet/04.prefab","0.67",".prefab","False","False","False","Low"
"Assets/Particlecollection_Free samples/Prefab/bullet/06.prefab","0.67",".prefab","False","False","False","Low"
"Assets/Particlecollection_Free samples/Prefab/bullet/05.prefab","0.67",".prefab","False","False","False","Low"
"Assets/Effect/GabrielAguiarProductions 1/FreeQuickEffectsVol1/Prefabs/vfx_Lightning_02.prefab","0.67",".prefab","False","False","False","Low"
"Assets/Particlecollection_Free samples/Prefab/bullet/01.prefab","0.67",".prefab","False","False","False","Low"
"Assets/Particlecollection_Free samples/Prefab/Magic_ring/magic_ring_05.prefab","0.67",".prefab","False","False","False","Low"
"Assets/Particlecollection_Free samples/Prefab/Magic_ring/magic_ring_04.prefab","0.67",".prefab","False","False","False","Low"
"Assets/Particlecollection_Free samples/Prefab/bullet/02.prefab","0.67",".prefab","False","False","False","Low"
"Assets/Particlecollection_Free samples/Prefab/Magic_ring/magic_ring_06.prefab","0.67",".prefab","False","False","False","Low"
"Assets/Particlecollection_Free samples/Prefab/Magic_ring/magic_ring_01.prefab","0.67",".prefab","False","False","False","Low"
"Assets/Particlecollection_Free samples/Prefab/Magic_ring/magic_ring_02.prefab","0.67",".prefab","False","False","False","Low"
"Assets/@PaulosCreations/RunesAndPortals/Effects/Sound/LowImplodeLongW.wav","0.67",".wav","False","False","False","Low"
"Assets/Particlecollection_Free samples/Prefab/Magic_ring/magic_ring_03.prefab","0.67",".prefab","False","False","False","Low"
"Assets/@PaulosCreations/RunesAndPortals/Effects/Sound/CreakyImpact.wav","0.66",".wav","False","False","False","Low"
"Assets/Effect/GabrielAguiarProductions 1/FreeQuickEffectsVol1/Textures/DistortedFlare01.png","0.63",".png","False","False","False","Low"
"Assets/@PaulosCreations/RunesAndPortals/PortalRound/Prefabs/PF_Portal_Round.prefab","0.57",".prefab","False","False","False","Low"
"Assets/Effect/GabrielAguiarProductions 1/FreeQuickEffectsVol1/Prefabs/vfx_LootDrop_01.prefab","0.56",".prefab","False","False","False","Low"
"Assets/Effect/GabrielAguiarProductions 1/FreeQuickEffectsVol1/Prefabs/vfx_LootDrop_02.prefab","0.56",".prefab","False","False","False","Low"
"Assets/Effect/GabrielAguiarProductions 1/FreeQuickEffectsVol1/Prefabs/vfx_MuzzleFlash_01.prefab","0.56",".prefab","False","False","False","Low"
"Assets/Effect/GabrielAguiarProductions 1/FreeQuickEffectsVol1/Prefabs/vfx_MuzzleFlash_02.prefab","0.56",".prefab","False","False","False","Low"
"Assets/@PaulosCreations/RunesAndPortals/Effects/Particles/Sprites/lightningAtlasP_2048.png","0.5",".png","False","False","False","Low"
"Assets/@PaulosCreations/RunesAndPortals/PortalGate_Simple/Prefabs/PF_PortalGate_Simple.prefab","0.47",".prefab","False","False","False","Low"
"Assets/Particlecollection_Free samples/Prefab/Toon/Toon Blended Premmultiply.prefab","0.46",".prefab","False","False","False","Low"
"Assets/Particlecollection_Free samples/Prefab/Toon/Toon Additive.prefab","0.46",".prefab","False","False","False","Low"
"Assets/Particlecollection_Free samples/Prefab/Line/Line_001.prefab","0.45",".prefab","False","False","False","Low"
"Assets/Effect/GabrielAguiarProductions 1/FreeQuickEffectsVol1/Prefabs/vfx_Portal_01.prefab","0.45",".prefab","False","False","False","Low"
"Assets/Particlecollection_Free samples/Prefab/Line/Line_002.prefab","0.45",".prefab","False","False","False","Low"
"Assets/Particlecollection_Free samples/Prefab/Line/Line_003.prefab","0.45",".prefab","False","False","False","Low"
"Assets/Particlecollection_Free samples/Prefab/Line/Line_004.prefab","0.45",".prefab","False","False","False","Low"
"Assets/Effect/GabrielAguiarProductions 1/FreeQuickEffectsVol1/Prefabs/vfx_Portal_02.prefab","0.45",".prefab","False","False","False","Low"
"Assets/Effect/GabrielAguiarProductions 1/FreeQuickEffectsVol1/Prefabs/vfx_Flamethrower_02.prefab","0.45",".prefab","False","False","False","Low"
"Assets/Effect/GabrielAguiarProductions 1/FreeQuickEffectsVol1/Prefabs/vfx_Impact_01.prefab","0.45",".prefab","False","False","False","Low"
"Assets/Particlecollection_Free samples/Prefab/Line/Line_005.prefab","0.45",".prefab","False","False","False","Low"
"Assets/Particlecollection_Free samples/Prefab/Line/Line_006.prefab","0.45",".prefab","False","False","False","Low"
"Assets/Effect/GabrielAguiarProductions 1/FreeQuickEffectsVol1/Prefabs/vfx_MeteorRain_02.prefab","0.45",".prefab","False","False","False","Low"
"Assets/@PaulosCreations/RunesAndPortals/RuneStone/Prefabs/PF_RuneStone.prefab","0.37",".prefab","False","False","False","Low"
"Assets/Model/mixamo.com.anim","0.34",".anim","False","False","False","Low"
"Assets/Effect/GabrielAguiarProductions 1/FreeQuickEffectsVol1/Prefabs/vfx_Rain_02.prefab","0.34",".prefab","False","False","False","Low"
"Assets/Effect/GabrielAguiarProductions 1/FreeQuickEffectsVol1/Prefabs/vfx_Projectile_02.prefab","0.34",".prefab","False","False","False","Low"
"Assets/Effect/GabrielAguiarProductions 1/FreeQuickEffectsVol1/Prefabs/vfx_Projectile_01.prefab","0.34",".prefab","False","False","False","Low"
"Assets/Effect/GabrielAguiarProductions 1/FreeQuickEffectsVol1/Prefabs/vfx_Hyperdrive_01.prefab","0.33",".prefab","False","False","False","Low"
"Assets/Particlecollection_Free samples/Prefab/Sprays/Sprays_01.prefab","0.33",".prefab","False","False","False","Low"
"Assets/Particlecollection_Free samples/Prefab/Sprays/Sprays_02.prefab","0.33",".prefab","False","False","False","Low"
"Assets/Particlecollection_Free samples/Prefab/Sprays/Sprays_06.prefab","0.33",".prefab","False","False","False","Low"
"Assets/Particlecollection_Free samples/Prefab/Sprays/Sprays_03.prefab","0.33",".prefab","False","False","False","Low"
"Assets/Particlecollection_Free samples/Prefab/Sprays/Sprays_05.prefab","0.33",".prefab","False","False","False","Low"
"Assets/Particlecollection_Free samples/Prefab/Sprays/Sprays_04.prefab","0.33",".prefab","False","False","False","Low"
"Assets/Particlecollection_Free samples/Prefab/Plugins demo/EmissionGain.prefab","0.33",".prefab","False","False","False","Low"
"Assets/Effect/GabrielAguiarProductions 1/FreeQuickEffectsVol1/Prefabs/vfx_Flamethrower_01.prefab","0.33",".prefab","False","False","False","Low"
"Assets/Particlecollection_Free samples/Prefab/Plugins demo/UV_Mirror.prefab","0.33",".prefab","False","False","False","Low"
"Assets/Effect/GabrielAguiarProductions 1/FreeQuickEffectsVol1/Prefabs/vfx_Shield_01.prefab","0.33",".prefab","False","False","False","Low"
"Assets/Particlecollection_Free samples/Prefab/Plugins demo/UV_Rotation.prefab","0.33",".prefab","False","False","False","Low"
"Assets/TextMesh Pro/Shaders/TMP_SDF-URP Lit.shadergraph","0.27",".shadergraph","False","False","False","Low"
"Assets/TextMesh Pro/Shaders/TMP_SDF-HDRP LIT.shadergraph","0.27",".shadergraph","False","False","False","Low"
"Assets/TextMesh Pro/Shaders/TMP_SDF-HDRP UNLIT.shadergraph","0.27",".shadergraph","False","False","False","Low"
"Assets/@PaulosCreations/RunesAndPortals/Effects/Sound/FlashW.wav","0.26",".wav","False","False","False","Low"
"Assets/TextMesh Pro/Shaders/TMP_SDF-URP Unlit.shadergraph","0.26",".shadergraph","False","False","False","Low"
"Assets/Particlecollection_Free samples/Texture/starbox.png","0.24",".png","False","False","False","Low"
"Assets/Effect/GabrielAguiarProductions 1/FreeQuickEffectsVol1/Prefabs/vfx_Shockwave_01.prefab","0.23",".prefab","False","False","False","Low"
"Assets/Effect/BloodDecalsAndEffects/BloodGushFX/BloodSprayFX_Colormodifyable.prefab","0.23",".prefab","False","False","False","Low"
"Assets/@PaulosCreations/RunesAndPortals/Effects/Sound/RuneBlast.wav","0.23",".wav","False","False","False","Low"
"Assets/Effect/GabrielAguiarProductions 1/FreeQuickEffectsVol1/Prefabs/vfx_Lightning_01.prefab","0.22",".prefab","False","False","False","Low"
"Assets/Effect/GabrielAguiarProductions 1/FreeQuickEffectsVol1/Prefabs/vfx_MeteorRain_01.prefab","0.22",".prefab","False","False","False","Low"
"Assets/Effect/GabrielAguiarProductions 1/FreeQuickEffectsVol1/Prefabs/vfx_Rain_01.prefab","0.22",".prefab","False","False","False","Low"
"Assets/Particlecollection_Free samples/Prefab/Plugins demo/UV_Scroll.prefab","0.22",".prefab","False","False","False","Low"
"Assets/Effect/GabrielAguiarProductions 1/FreeQuickEffectsVol1/Prefabs/vfx_Flames_01.prefab","0.22",".prefab","False","False","False","Low"
"Assets/@PaulosCreations/RunesAndPortals/Effects/Particles/Sprites/SphereHighLightTranspP_1024.png","0.2",".png","False","False","False","Low"
"Assets/@PaulosCreations/RunesAndPortals/PortalGate_Simple/TexturesMaterials/Portal_Emission.png","0.17",".png","False","False","False","Low"
"Assets/Particlecollection_Free samples/Texture/ground_no.png","0.15",".png","False","False","False","Low"
"Assets/Effect/BloodDecalsAndEffects/BloodGushFX/Models/RockSet2.obj","0.15",".obj","False","False","False","Low"
"Assets/Effect/BloodDecalsAndEffects/BloodGushFX/BloodSprayFX_Extra.prefab","0.15",".prefab","False","False","False","Low"
"Assets/@PaulosCreations/RunesAndPortals/RuneStone/TexturesMaterials/Runes_Emmision.png","0.15",".png","False","False","False","Low"
"Assets/Particlecollection_Free samples/Texture/rock_04.png","0.14",".png","False","False","False","Low"
"Assets/@PaulosCreations/RunesAndPortals/Shaders/ShG_Portal_URP.shadergraph","0.12",".shadergraph","False","False","False","Low"
"Assets/Particlecollection_Free samples/Prefab/Toon/Toon posterize.prefab","0.12",".prefab","False","False","False","Low"
"Assets/Particlecollection_Free samples/Prefab/Plugins demo/effect_distortion_mask.prefab","0.12",".prefab","False","False","False","Low"
"Assets/SU3DJPFont/Demo/SampleScene/ReflectionProbe-0.exr","0.12",".exr","False","False","False","Low"
"Assets/Particlecollection_Free samples/Texture/ground.png","0.12",".png","False","False","False","Low"
"Assets/TextMesh Pro/Sprites/EmojiOne.png","0.11",".png","False","False","False","Low"
"Assets/Particlecollection_Free samples/Prefab/Plugins demo/Cutout_alpha.prefab","0.11",".prefab","False","False","False","Low"
"Assets/Effect/GabrielAguiarProductions 1/FreeQuickEffectsVol1/Prefabs/vfx_Sparks_01.prefab","0.11",".prefab","False","False","False","Low"
"Assets/Effect/GabrielAguiarProductions 1/FreeQuickEffectsVol1/Prefabs/vfx_Smoke_01.prefab","0.11",".prefab","False","False","False","Low"
"Assets/Effect/GabrielAguiarProductions 1/FreeQuickEffectsVol1/Prefabs/vfx_Tornado_01.prefab","0.11",".prefab","False","False","False","Low"
"Assets/Effect/GabrielAguiarProductions 1/FreeQuickEffectsVol1/Prefabs/vfx_Electricity_01.prefab","0.11",".prefab","False","False","False","Low"
"Assets/Effect/BloodDecalsAndEffects/BloodGushFX/BloodGushFX/Textures/BloodParticleFX_greyscale.png","0.09",".png","False","False","False","Low"
"Assets/Effect/BloodDecalsAndEffects/BloodGushFX/BloodGushFX/Textures/BloodParticleFX_1_greyScale.png","0.09",".png","False","False","False","Low"
"Assets/@PaulosCreations/RunesAndPortals/Effects/Particles/Sprites/Star_512.png","0.08",".png","False","False","False","Low"
"Assets/Effect/BloodDecalsAndEffects/BloodGushFX/ChunkParticleSystem.prefab","0.07",".prefab","False","False","False","Low"
"Assets/Particlecollection_Free samples/Texture/airflow_01.png","0.07",".png","False","False","False","Low"
"Assets/@PaulosCreations/RunesAndPortals/PortalGate/TexturesMaterials/PortalGate_Effect_Mask.png","0.06",".png","False","False","False","Low"
"Assets/@PaulosCreations/RunesAndPortals/Effects/Particles/Sprites/roundsmoothitem2.png","0.06",".png","False","False","False","Low"
"Assets/@PaulosCreations/RunesAndPortals/PortalGate/TexturesMaterials/PortalGate_Emission.png","0.06",".png","False","False","False","Low"
"Assets/@PaulosCreations/RunesAndPortals/Effects/Particles/Sprites/Flare1.png","0.05",".png","False","False","False","Low"
"Assets/@PaulosCreations/RunesAndPortals/Shaders/ShG_RunesAndPortals_URP.shadergraph","0.05",".shadergraph","False","False","False","Low"
"Assets/Effect/GabrielAguiarProductions 1/FreeQuickEffectsVol1/Textures/Swirl01.png","0.05",".png","False","False","False","Low"
"Assets/@PaulosCreations/RunesAndPortals/PortalRound/Mesh/PortalRound.fbx","0.05",".fbx","False","False","False","Low"
"Assets/XR/Settings/OpenXR Package Settings.asset","0.04",".asset","False","False","False","Low"
"Assets/Effect/BloodDecalsAndEffects/BloodGushFX/BloodGushFX/Textures/BloodParticleFX_2_greyScale.png","0.04",".png","False","False","False","Low"
"Assets/@PaulosCreations/RunesAndPortals/Effects/Particles/Sprites/roundsmoothitem.png","0.04",".png","False","False","False","Low"
"Assets/@PaulosCreations/RunesAndPortals/PortalGate_Simple/Mesh/PortalGate_Simple.fbx","0.04",".fbx","False","False","False","Low"
"Assets/@PaulosCreations/RunesAndPortals/PortalGate/Mesh/PortalGate.fbx","0.04",".fbx","False","False","False","Low"
"Assets/@PaulosCreations/RunesAndPortals/Rift/Mesh/RiftBase.fbx","0.04",".fbx","False","False","False","Low"
"Assets/@PaulosCreations/RunesAndPortals/Rift/Mesh/Rift_Base_Collision.fbx","0.04",".fbx","False","False","False","Low"
"Assets/@PaulosCreations/RunesAndPortals/RuneStone/Mesh/RuneStone_Collision.fbx","0.04",".fbx","False","False","False","Low"
"Assets/@PaulosCreations/RunesAndPortals/RuneStone/Mesh/RuneStone.fbx","0.04",".fbx","False","False","False","Low"
"Assets/@PaulosCreations/RunesAndPortals/Props/Mesh/Rune_Part_1.fbx","0.03",".fbx","False","False","False","Low"
"Assets/Particlecollection_Free samples/Model/UV_Scroll_01.FBX","0.03",".fbx","False","False","False","Low"
"Assets/@PaulosCreations/RunesAndPortals/Props/Mesh/Rune_Part_0.fbx","0.03",".fbx","False","False","False","Low"
"Assets/Particlecollection_Free samples/Model/arrow_01.FBX","0.03",".fbx","False","False","False","Low"
"Assets/@PaulosCreations/RunesAndPortals/Props/Mesh/Rune_Collision.fbx","0.03",".fbx","False","False","False","Low"
"Assets/@PaulosCreations/RunesAndPortals/PortalGate_Simple/TexturesMaterials/Portal_Effect_Edge.png","0.03",".png","False","False","False","Low"
"Assets/@PaulosCreations/RunesAndPortals/Props/Mesh/Rune.fbx","0.03",".fbx","False","False","False","Low"
"Assets/@PaulosCreations/RunesAndPortals/Vortex/Mesh/SandPit.fbx","0.03",".fbx","False","False","False","Low"
"Assets/@PaulosCreations/RunesAndPortals/PortalGate/Mesh/PortalGate_Symbol.fbx","0.03",".fbx","False","False","False","Low"
"Assets/@PaulosCreations/RunesAndPortals/Vortex/Mesh/RunePile.fbx","0.03",".fbx","False","False","False","Low"
"Assets/@PaulosCreations/RunesAndPortals/Vortex/Mesh/RunePile_Collision.fbx","0.03",".fbx","False","False","False","Low"
"Assets/@PaulosCreations/RunesAndPortals/Effects/Particles/Sprites/Rune_Atlas_256.png","0.03",".png","False","False","False","Low"
"Assets/@PaulosCreations/RunesAndPortals/PortalGate/Mesh/PortalGate_Collision.fbx","0.03",".fbx","False","False","False","Low"
"Assets/Particlecollection_Free samples/Texture/airflow_03.png","0.03",".png","False","False","False","Low"
"Assets/@PaulosCreations/RunesAndPortals/Effects/Particles/Sprites/RuneCircle.png","0.03",".png","False","False","False","Low"
"Assets/Model/Dallas_City/Scenes/SampleScene/LightingData.asset","0.02",".asset","False","False","False","Low"
"Assets/Model/energy.fbx","0.02",".fbx","False","False","False","Low"
"Assets/Particlecollection_Free samples/Model/heart_01.FBX","0.02",".fbx","False","False","False","Low"
"Assets/Particlecollection_Free samples/Model/W001.FBX","0.02",".fbx","False","False","False","Low"
"Assets/Particlecollection_Free samples/Model/wind.FBX","0.02",".fbx","False","False","False","Low"
"Assets/SU3DJPFont/Demo/SampleScene/LightingData.asset","0.02",".asset","False","False","False","Low"
"Assets/Particlecollection_Free samples/Model/rock_01.FBX","0.02",".fbx","False","False","False","Low"
"Assets/Particlecollection_Free samples/Model/sashing_01.FBX","0.02",".fbx","False","False","False","Low"
"Assets/@PaulosCreations/RunesAndPortals/Props/Mesh/Tablet.fbx","0.02",".fbx","False","False","False","Low"
"Assets/@PaulosCreations/RunesAndPortals/Props/Mesh/Tablet_Collision.fbx","0.02",".fbx","False","False","False","Low"
"Assets/Particlecollection_Free samples/Texture/airflow_02.png","0.02",".png","False","False","False","Low"
"Assets/@PaulosCreations/RunesAndPortals/PortalGate_Simple/Mesh/PortalGateSimple_Collision.fbx","0.02",".fbx","False","False","False","Low"
"Assets/@PaulosCreations/RunesAndPortals/RuneStone/Mesh/Rock_0.fbx","0.02",".fbx","False","False","False","Low"
"Assets/@PaulosCreations/RunesAndPortals/RuneStone/Mesh/Rock_1.fbx","0.02",".fbx","False","False","False","Low"
"Assets/@PaulosCreations/RunesAndPortals/Props/Mesh/Tablet_Part_0.fbx","0.02",".fbx","False","False","False","Low"
"Assets/@PaulosCreations/RunesAndPortals/Props/Mesh/Tablet_Part_1.fbx","0.02",".fbx","False","False","False","Low"
"Assets/@PaulosCreations/RunesAndPortals/Props/Mesh/Tablet_Part_1_Collision.fbx","0.02",".fbx","False","False","False","Low"
"Assets/@PaulosCreations/RunesAndPortals/Props/Mesh/Rune_Part_0_Collision.fbx","0.02",".fbx","False","False","False","Low"
"Assets/@PaulosCreations/RunesAndPortals/Props/Mesh/Tablet_Part_0_Collision.fbx","0.02",".fbx","False","False","False","Low"
"Assets/@PaulosCreations/RunesAndPortals/Demo/SphereReversedNorm.fbx","0.02",".fbx","False","False","False","Low"
"Assets/SU3DJPFont/TextMeshProFont/Dynamic/mplus-1m-medium SDF Dynamic.asset","0.01",".asset","False","False","False","Low"
"Assets/SU3DJPFont/TextMeshProFont/Dynamic/mplus-1c-regular SDF Dynamic.asset","0.01",".asset","False","False","False","Low"
"Assets/SU3DJPFont/TextMeshProFont/Dynamic/mplus-1c-thin SDF Dynamic.asset","0.01",".asset","False","False","False","Low"
"Assets/SU3DJPFont/TextMeshProFont/Dynamic/mplus-1m-light SDF Dynamic.asset","0.01",".asset","False","False","False","Low"
"Assets/SU3DJPFont/TextMeshProFont/Dynamic/mplus-1m-regular SDF Dynamic.asset","0.01",".asset","False","False","False","Low"
"Assets/SU3DJPFont/TextMeshProFont/Dynamic/mplus-1mn-bold SDF Dynamic.asset","0.01",".asset","False","False","False","Low"
"Assets/SU3DJPFont/TextMeshProFont/Dynamic/mplus-1mn-light SDF Dynamic.asset","0.01",".asset","False","False","False","Low"
"Assets/SU3DJPFont/TextMeshProFont/Dynamic/mplus-1m-thin SDF Dynamic.asset","0.01",".asset","False","False","False","Low"
"Assets/SU3DJPFont/TextMeshProFont/Dynamic/mplus-1mn-regular SDF Dynamic.asset","0.01",".asset","False","False","False","Low"
"Assets/SU3DJPFont/TextMeshProFont/Dynamic/mplus-1mn-medium SDF Dynamic.asset","0.01",".asset","False","False","False","Low"
"Assets/Particlecollection_Free samples/Texture/power_01.png","0.01",".png","False","False","False","Low"
"Assets/Particlecollection_Free samples/Texture/power_03.png","0.01",".png","False","False","False","Low"
"Assets/Particlecollection_Free samples/Texture/smoke_06.png","0.01",".png","False","False","False","Low"
"Assets/TextMesh Pro/Shaders/TMP_SDF-Mobile.shader","0.01",".shader","False","False","False","Low"
"Assets/Particlecollection_Free samples/Texture/hit_01.png","0.01",".png","False","False","False","Low"
"Assets/Particlecollection_Free samples/Texture/magic_01.png","0.01",".png","False","False","False","Low"
"Assets/SU3DJPFont/TextMeshProFont/Dynamic/mplus-1c-heavy SDF Dynamic.asset","0.01",".asset","False","False","False","Low"
"Assets/SU3DJPFont/TextMeshProFont/Dynamic/mplus-1c-light SDF Dynamic.asset","0.01",".asset","False","False","False","Low"
"Assets/SU3DJPFont/TextMeshProFont/Dynamic/mplus-1c-medium SDF Dynamic.asset","0.01",".asset","False","False","False","Low"
"Assets/@PaulosCreations/RunesAndPortals/Rift/Mesh/RiftEffect.fbx","0.01",".fbx","False","False","False","Low"
"Assets/Prefabs/Button.prefab","0.01",".prefab","False","False","False","Low"
"Assets/Particlecollection_Free samples/Animation/rotation.anim","0.01",".anim","False","False","False","Low"
"Assets/SU3DJPFont/TextMeshProFont/Dynamic/mplus-1mn-thin SDF Dynamic.asset","0.01",".asset","False","False","False","Low"
"Assets/SU3DJPFont/TextMeshProFont/Dynamic/mplus-2p-medium SDF Dynamic.asset","0.01",".asset","False","False","False","Low"
"Assets/SU3DJPFont/TextMeshProFont/Dynamic/mplus-2p-light SDF Dynamic.asset","0.01",".asset","False","False","False","Low"
"Assets/SU3DJPFont/TextMeshProFont/Dynamic/mplus-2p-thin SDF Dynamic.asset","0.01",".asset","False","False","False","Low"
"Assets/SU3DJPFont/TextMeshProFont/Dynamic/mplus-2p-regular SDF Dynamic.asset","0.01",".asset","False","False","False","Low"
"Assets/SU3DJPFont/TextMeshProFont/Dynamic/mplus-2p-black SDF Dynamic.asset","0.01",".asset","False","False","False","Low"
"Assets/SU3DJPFont/TextMeshProFont/Dynamic/mplus-2m-thin SDF Dynamic.asset","0.01",".asset","False","False","False","Low"
"Assets/SU3DJPFont/TextMeshProFont/Dynamic/mplus-2p-heavy SDF Dynamic.asset","0.01",".asset","False","False","False","Low"
"Assets/SU3DJPFont/TextMeshProFont/Dynamic/mplus-2p-bold SDF Dynamic.asset","0.01",".asset","False","False","False","Low"
"Assets/@PaulosCreations/RunesAndPortals/PortalRound/Mesh/PortalRound_Collision.fbx","0.01",".fbx","False","False","False","Low"
"Assets/TextMesh Pro/Shaders/TMP_SDF-Mobile Masking.shader","0.01",".shader","False","False","False","Low"
"Assets/TextMesh Pro/Shaders/TMP_SDF SSD.shader","0.01",".shader","False","False","False","Low"
"Assets/TextMesh Pro/Shaders/TMP_SDF-Mobile-2-Pass.shader","0.01",".shader","False","False","False","Low"
"Assets/TextMesh Pro/Shaders/TMP_SDF-Mobile Overlay.shader","0.01",".shader","False","False","False","Low"
"Assets/TextMesh Pro/Resources/Sprite Assets/EmojiOne.asset","0.01",".asset","False","False","False","Low"
"Assets/TextMesh Pro/Resources/Fonts & Materials/LiberationSans SDF - Fallback.asset","0.01",".asset","False","False","False","Low"
"Assets/TextMesh Pro/Shaders/TMP_SDF Overlay.shader","0.01",".shader","False","False","False","Low"
"Assets/TextMesh Pro/Resources/Style Sheets/Default Style Sheet.asset","0.01",".asset","False","False","False","Low"
"Assets/SU3DJPFont/TextMeshProFont/Dynamic/mplus-2m-regular SDF Dynamic.asset","0.01",".asset","False","False","False","Low"
"Assets/SU3DJPFont/TextMeshProFont/Dynamic/mplus-1p-regular SDF Dynamic.asset","0.01",".asset","False","False","False","Low"
"Assets/SU3DJPFont/TextMeshProFont/Dynamic/mplus-1p-medium SDF Dynamic.asset","0.01",".asset","False","False","False","Low"
"Assets/SU3DJPFont/TextMeshProFont/Dynamic/mplus-2c-black SDF Dynamic.asset","0.01",".asset","False","False","False","Low"
"Assets/SU3DJPFont/TextMeshProFont/Dynamic/mplus-1p-thin SDF Dynamic.asset","0.01",".asset","False","False","False","Low"
"Assets/SU3DJPFont/TextMeshProFont/Dynamic/mplus-1p-bold SDF Dynamic.asset","0.01",".asset","False","False","False","Low"
"Assets/SU3DJPFont/TextMeshProFont/Dynamic/mplus-1p-black SDF Dynamic.asset","0.01",".asset","False","False","False","Low"
"Assets/SU3DJPFont/TextMeshProFont/Dynamic/mplus-1p-light SDF Dynamic.asset","0.01",".asset","False","False","False","Low"
"Assets/SU3DJPFont/TextMeshProFont/Dynamic/mplus-1p-heavy SDF Dynamic.asset","0.01",".asset","False","False","False","Low"
"Assets/SU3DJPFont/TextMeshProFont/Dynamic/mplus-2c-bold SDF Dynamic.asset","0.01",".asset","False","False","False","Low"
"Assets/SU3DJPFont/TextMeshProFont/Dynamic/mplus-2m-bold SDF Dynamic.asset","0.01",".asset","False","False","False","Low"
"Assets/SU3DJPFont/TextMeshProFont/Dynamic/mplus-2c-thin SDF Dynamic.asset","0.01",".asset","False","False","False","Low"
"Assets/SU3DJPFont/TextMeshProFont/Dynamic/mplus-2m-medium SDF Dynamic.asset","0.01",".asset","False","False","False","Low"
"Assets/SU3DJPFont/TextMeshProFont/Dynamic/mplus-2m-light SDF Dynamic.asset","0.01",".asset","False","False","False","Low"
"Assets/SU3DJPFont/TextMeshProFont/Dynamic/mplus-2c-light SDF Dynamic.asset","0.01",".asset","False","False","False","Low"
"Assets/SU3DJPFont/TextMeshProFont/Dynamic/mplus-2c-heavy SDF Dynamic.asset","0.01",".asset","False","False","False","Low"
"Assets/SU3DJPFont/TextMeshProFont/Dynamic/mplus-2c-regular SDF Dynamic.asset","0.01",".asset","False","False","False","Low"
"Assets/SU3DJPFont/TextMeshProFont/Dynamic/mplus-2c-medium SDF Dynamic.asset","0.01",".asset","False","False","False","Low"
"Assets/Particlecollection_Free samples/Animation/thunderstorm.anim","0.01",".anim","False","False","False","Low"
"Assets/Effect/BloodDecalsAndEffects/BloodGushFX/brainsAndBlood/Materials/Brains_Material.mat","0.01",".mat","False","False","False","Low"
"Assets/Model/円_円アクション.anim","0.01",".anim","False","False","False","Low"
"Assets/Particlecollection_Free samples/Plugins/Effect/Shader/Toon Blended Premmultiply.shader","0.01",".shader","False","False","False","Low"
"Assets/Particlecollection_Free samples/Animation/Upgrads_01 Camera_noshow.anim","0.01",".anim","False","False","False","Low"
"Assets/Particlecollection_Free samples/Animation/Cutout_alpha.anim","0.01",".anim","False","False","False","Low"
"Assets/Particlecollection_Free samples/Animation/sword.anim","0.01",".anim","False","False","False","Low"
"Assets/@PaulosCreations/RunesAndPortals/Vortex/Mesh/SandPit_Collision.fbx","0.01",".fbx","False","False","False","Low"
"Assets/Particlecollection_Free samples/Material/magic_02.mat","0",".mat","False","False","False","Low"
"Assets/@PaulosCreations/RunesAndPortals/Effects/Particles/Materials/PartMat_RuneAtlas.mat","0",".mat","False","False","False","Low"
"Assets/Particlecollection_Free samples/Material/magic_01.mat","0",".mat","False","False","False","Low"
"Assets/@PaulosCreations/RunesAndPortals/PortalGate_Simple/TexturesMaterials/Mat_Portal_Effect_Simple.mat","0",".mat","False","False","False","Low"
"Assets/Particlecollection_Free samples/Material/power_01.mat","0",".mat","False","False","False","Low"
"Assets/@PaulosCreations/RunesAndPortals/PortalGate_Simple/TexturesMaterials/Mat_Portal_Simple.mat","0",".mat","False","False","False","Low"
"Assets/Particlecollection_Free samples/Material/ground.mat","0",".mat","False","False","False","Low"
"Assets/Particlecollection_Free samples/Material/EmissionGain_01.mat","0",".mat","False","False","False","Low"
"Assets/Particlecollection_Free samples/Material/EmissionGain_02.mat","0",".mat","False","False","False","Low"
"Assets/Particlecollection_Free samples/Material/dark_02.mat","0",".mat","False","False","False","Low"
"Assets/Particlecollection_Free samples/Material/effect_distortion_mask.mat","0",".mat","False","False","False","Low"
"Assets/@PaulosCreations/RunesAndPortals/PortalGate/TexturesMaterials/Mat_Portal_Effect.mat","0",".mat","False","False","False","Low"
"Assets/@PaulosCreations/RunesAndPortals/Effects/Particles/Materials/PartMat_Sphere.mat","0",".mat","False","False","False","Low"
"Assets/Particlecollection_Free samples/Material/Cutout_alpha.mat","0",".mat","False","False","False","Low"
"Assets/@PaulosCreations/RunesAndPortals/PortalGate/TexturesMaterials/Mat_PortalGate.mat","0",".mat","False","False","False","Low"
"Assets/Particlecollection_Free samples/Material/Toon Additive_(posterize_8).mat","0",".mat","False","False","False","Low"
"Assets/Particlecollection_Free samples/Material/Toon Blended Premmultiply_(original).mat","0",".mat","False","False","False","Low"
"Assets/Particlecollection_Free samples/Material/Toon Additive_(posterize_16).mat","0",".mat","False","False","False","Low"
"Assets/Particlecollection_Free samples/Material/Toon Additive_(posterize_4).mat","0",".mat","False","False","False","Low"
"Assets/@PaulosCreations/RunesAndPortals/Props/Prefabs/PF_RunePart_0.prefab","0",".prefab","False","False","False","Low"
"Assets/@PaulosCreations/RunesAndPortals/Props/Prefabs/PF_RunePart_1.prefab","0",".prefab","False","False","False","Low"
"Assets/Particlecollection_Free samples/Material/Toon Blended Premmultiply_(posterize_16).mat","0",".mat","False","False","False","Low"
"Assets/@PaulosCreations/RunesAndPortals/Props/Prefabs/PF_Rune.prefab","0",".prefab","False","False","False","Low"
"Assets/Particlecollection_Free samples/Material/Toon Additive_(original).mat","0",".mat","False","False","False","Low"
"Assets/@PaulosCreations/RunesAndPortals/PortalRound/TexturesMaterials/Mat_PortalRound.mat","0",".mat","False","False","False","Low"
"Assets/Particlecollection_Free samples/Material/power_03.mat","0",".mat","False","False","False","Low"
"Assets/Particlecollection_Free samples/Material/power_02.mat","0",".mat","False","False","False","Low"
"Assets/@PaulosCreations/RunesAndPortals/Props/Prefabs/PF_Tablet.prefab","0",".prefab","False","False","False","Low"
"Assets/Particlecollection_Free samples/Material/Sprays_02.mat","0",".mat","False","False","False","Low"
"Assets/Particlecollection_Free samples/Material/starbox 1.mat","0",".mat","False","False","False","Low"
"Assets/Particlecollection_Free samples/Material/power_04.mat","0",".mat","False","False","False","Low"
"Assets/Particlecollection_Free samples/Material/Sprays_01.mat","0",".mat","False","False","False","Low"
"Assets/TextMesh Pro/Shaders/TMP_SDF-Surface-Mobile.shader","0",".shader","False","False","False","Low"
"Assets/Particlecollection_Free samples/Animation/Cutout_alpha.controller","0",".controller","False","False","False","Low"
"Assets/@PaulosCreations/RunesAndPortals/Demo/Mat_Sky.mat","0",".mat","False","False","False","Low"
"Assets/TextMesh Pro/Shaders/TMP_SDF-Surface.shader","0",".shader","False","False","False","Low"
"Assets/Particlecollection_Free samples/Animation/06.controller","0",".controller","False","False","False","Low"
"Assets/@PaulosCreations/RunesAndPortals/Effects/Particles/Mat_Part_Portal_Flash.mat","0",".mat","False","False","False","Low"
"Assets/TextMesh Pro/Shaders/TMP_SDF-Mobile SSD.shader","0",".shader","False","False","False","Low"
"Assets/Particlecollection_Free samples/Animation/GameObject.controller","0",".controller","False","False","False","Low"
"Assets/@PaulosCreations/RunesAndPortals/Demo/Mat_Ground.mat","0",".mat","False","False","False","Low"
"Assets/XR/Settings/OculusSettings.asset","0",".asset","False","False","False","Low"
"Assets/XR/Loaders/OpenXRLoader.asset","0",".asset","False","False","False","Low"
"Assets/Resources/MetaXRAcousticMaterialMapping.asset","0",".asset","True","False","False","High"
"Assets/XR/Settings/OpenXR Editor Settings.asset","0",".asset","False","False","False","Low"
"Assets/@PaulosCreations/RunesAndPortals/Demo/Gradient_512.png","0",".png","False","False","False","Low"
"Assets/TextMesh Pro/Shaders/TMP_Sprite.shader","0",".shader","False","False","False","Low"
"Assets/XR/Loaders/OculusLoader.asset","0",".asset","False","False","False","Low"
"Assets/XR/XRGeneralSettingsPerBuildTarget.asset","0",".asset","False","False","False","Low"
"Assets/@PaulosCreations/RunesAndPortals/Effects/Particles/Materials/PartMat_Moon.mat","0",".mat","False","False","False","Low"
"Assets/@PaulosCreations/RunesAndPortals/Effects/Particles/Materials/PartMat_OrbRing.mat","0",".mat","False","False","False","Low"
"Assets/TextMesh Pro/Resources/TMP Settings.asset","0",".asset","False","False","False","Low"
"Assets/@PaulosCreations/RunesAndPortals/Effects/Particles/Materials/PartMat_Flare.mat","0",".mat","False","False","False","Low"
"Assets/@PaulosCreations/RunesAndPortals/Effects/Particles/Materials/PartMat_Ring.mat","0",".mat","False","False","False","Low"
"Assets/@PaulosCreations/RunesAndPortals/Effects/Particles/Materials/PartMat_Rock.mat","0",".mat","False","False","False","Low"
"Assets/@PaulosCreations/RunesAndPortals/Effects/Particles/Materials/PartMat_portalLightning.mat","0",".mat","False","False","False","Low"
"Assets/@PaulosCreations/RunesAndPortals/Effects/Particles/Materials/PartMat_PortalRunes.mat","0",".mat","False","False","False","Low"
"Assets/TextMesh Pro/Resources/Fonts & Materials/LiberationSans SDF - Drop Shadow.mat","0",".mat","False","False","False","Low"
"Assets/TextMesh Pro/Shaders/TMP_Bitmap-Mobile.shader","0",".shader","False","False","False","Low"
"Assets/TextMesh Pro/Shaders/TMP_Bitmap-Custom-Atlas.shader","0",".shader","False","False","False","Low"
"Assets/Particlecollection_Free samples/Animation/sword.controller","0",".controller","False","False","False","Low"
"Assets/TextMesh Pro/Shaders/TMP_Bitmap.shader","0",".shader","False","False","False","Low"
"Assets/TextMesh Pro/Resources/Fonts & Materials/LiberationSans SDF - Outline.mat","0",".mat","False","False","False","Low"
"Assets/Particlecollection_Free samples/Animation/Upgrads_01 Camera_noshow.controller","0",".controller","False","False","False","Low"
"Assets/Particlecollection_Free samples/Animation/thunderstorm.controller","0",".controller","False","False","False","Low"
"Assets/@PaulosCreations/RunesAndPortals/Effects/Particles/Mat_Part_Sparks.mat","0",".mat","False","False","False","Low"
"Assets/Resources/OVRBuildConfig.asset","0",".asset","True","False","False","High"
"Assets/Resources/OculusRuntimeSettings.asset","0",".asset","True","False","False","High"
"Assets/Resources/OVRPlatformToolSettings.asset","0",".asset","True","False","False","High"
"Assets/Resources/OVROverlayCanvasSettings.asset","0",".asset","True","False","False","High"
"Assets/Effect/BloodDecalsAndEffects/TiledRoom/Materials/TileMaterial.mat","0",".mat","False","False","False","Low"
"Assets/Resources/InputActions.asset","0",".asset","True","False","False","High"
"Assets/Resources/MetaXRAudioSettings.asset","0",".asset","True","False","False","High"
"Assets/Resources/MetaXRAcousticSettings.asset","0",".asset","True","False","False","High"
"Assets/SU3DJPFont/Demo/Materials/Block.mat","0",".mat","False","False","False","Low"
"Assets/Effect/GabrielAguiarProductions 1/FreeQuickEffectsVol1/Materials/DistortedFlare01_AB_2.mat","0",".mat","False","False","False","Low"
"Assets/Effect/GabrielAguiarProductions 1/FreeQuickEffectsVol1/Materials/DistortedFlare01_AB.mat","0",".mat","False","False","False","Low"
"Assets/Effect/GabrielAguiarProductions 1/FreeQuickEffectsVol1/Materials/Flame02_AB_2.mat","0",".mat","False","False","False","Low"
"Assets/Effect/GabrielAguiarProductions 1/FreeQuickEffectsVol1/Materials/Flame02_AB.mat","0",".mat","False","False","False","Low"
"Assets/Effect/GabrielAguiarProductions 1/FreeQuickEffectsVol1/Materials/Circle01_AB.mat","0",".mat","False","False","False","Low"
"Assets/SU3DJPFont/Demo/Materials/sky.mat","0",".mat","False","False","False","Low"
"Assets/Effect/GabrielAguiarProductions 1/FreeQuickEffectsVol1/Materials/Circle01_AB_2.mat","0",".mat","False","False","False","Low"
"Assets/@PaulosCreations/RunesAndPortals/Props/TexturesMaterials/Mat_RunesPortals_Props.mat","0",".mat","False","False","False","Low"
"Assets/Resources/ImmersiveDebuggerSettings.asset","0",".asset","True","False","False","High"
"Assets/Effect/BloodDecalsAndEffects/BloodGushFX/BloodGushFX/Materials/GreyscaleParticleA.mat","0",".mat","False","False","False","Low"
"Assets/Particlecollection_Free samples/Texture/arrow_01.png","0",".png","False","False","False","Low"
"Assets/Effect/BloodDecalsAndEffects/BloodGushFX/BloodGushFX/Materials/GreyscaleParticleB.mat","0",".mat","False","False","False","Low"
"Assets/@PaulosCreations/RunesAndPortals/Rift/TexturesMaterials/Mat_Rift.mat","0",".mat","False","False","False","Low"
"Assets/Particlecollection_Free samples/Scene/Main Camera_noshow.prefab","0",".prefab","False","False","False","Low"
"Assets/Particlecollection_Free samples/Scene/GameObject_noshow.prefab","0",".prefab","False","False","False","Low"
"Assets/@PaulosCreations/RunesAndPortals/RuneStone/TexturesMaterials/Mat_RuneStone.mat","0",".mat","False","False","False","Low"
"Assets/Particlecollection_Free samples/Scene/Directional Light_noshow.prefab","0",".prefab","False","False","False","Low"
"Assets/Effect/BloodDecalsAndEffects/BloodGushFX/BloodGushFX/Materials/GreyscaleParticleC.mat","0",".mat","False","False","False","Low"
"Assets/@PaulosCreations/RunesAndPortals/Props/TexturesMaterials/Mat_RunesPortals_Props_2.mat","0",".mat","False","False","False","Low"
"Assets/Effect/BloodDecalsAndEffects/BloodGushFX/Gibblets/GibbletChunk_5.prefab","0",".prefab","False","False","False","Low"
"Assets/Prefabs/Screen.prefab","0",".prefab","False","False","False","Low"
"Assets/Effect/BloodDecalsAndEffects/BloodGushFX/Gibblets/GibbletChunk_6.prefab","0",".prefab","False","False","False","Low"
"Assets/Effect/BloodDecalsAndEffects/BloodGushFX/Gibblets/GibbletChunk_2.prefab","0",".prefab","False","False","False","Low"
"Assets/Effect/BloodDecalsAndEffects/BloodGushFX/Gibblets/GibbletChunk_1.prefab","0",".prefab","False","False","False","Low"
"Assets/Effect/BloodDecalsAndEffects/BloodGushFX/Gibblets/GibbletChunk_4.prefab","0",".prefab","False","False","False","Low"
"Assets/Effect/BloodDecalsAndEffects/BloodGushFX/Gibblets/GibbletChunk_3.prefab","0",".prefab","False","False","False","Low"
"Assets/Particlecollection_Free samples/Plugins/Effect/Shader/effect_distortion_mask.shader","0",".shader","False","False","False","Low"
"Assets/Particlecollection_Free samples/Plugins/Effect/Shader/ParticleAddEffect.shader","0",".shader","False","False","False","Low"
"Assets/Particlecollection_Free samples/Material/UV_Scroll_02.mat","0",".mat","False","False","False","Low"
"Assets/Particlecollection_Free samples/Model/Materials/No Name.mat","0",".mat","False","False","False","Low"
"Assets/Particlecollection_Free samples/Plugins/Effect/Shader/ParticlePremultiplyBlend.shader","0",".shader","False","False","False","Low"
"Assets/Particlecollection_Free samples/Plugins/Effect/Shader/Toon Additive.shader","0",".shader","False","False","False","Low"
"Assets/Particlecollection_Free samples/Plugins/Effect/Shader/ParticleAddSoftEffect.shader","0",".shader","False","False","False","Low"
"Assets/Particlecollection_Free samples/Plugins/Effect/Shader/ParticleBlendEffect.shader","0",".shader","False","False","False","Low"
"Assets/Particlecollection_Free samples/Material/UV_Scroll.mat","0",".mat","False","False","False","Low"
"Assets/Particlecollection_Free samples/Material/Toon Blended Premmultiply_(posterize_4).mat","0",".mat","False","False","False","Low"
"Assets/Particlecollection_Free samples/Material/Toon Blended Premmultiply_(posterize_8).mat","0",".mat","False","False","False","Low"
"Assets/@PaulosCreations/RunesAndPortals/Props/Prefabs/PF_TabletPart_0.prefab","0",".prefab","False","False","False","Low"
"Assets/@PaulosCreations/RunesAndPortals/Props/Prefabs/PF_TabletPart_1.prefab","0",".prefab","False","False","False","Low"
"Assets/Particlecollection_Free samples/Material/UV_Rotation_01.mat","0",".mat","False","False","False","Low"
"Assets/Particlecollection_Free samples/Material/UV_Rotation_02.mat","0",".mat","False","False","False","Low"
"Assets/Particlecollection_Free samples/Material/UV_Mirror_01.mat","0",".mat","False","False","False","Low"
"Assets/Particlecollection_Free samples/Material/UV_Mirror_02.mat","0",".mat","False","False","False","Low"
"Assets/Particlecollection_Free samples/Prefab/ground_noshow.prefab","0",".prefab","False","False","False","Low"
"Assets/Model/chu.mat","0",".mat","False","False","False","Low"
"Assets/Material/koronda.mat","0",".mat","False","False","False","Low"
"Assets/Model/Dallas_City/Materials/Dallas-Part_1.mat","0",".mat","False","False","False","Low"
"Assets/Model/mixamorig_Hips.controller","0",".controller","False","False","False","Low"
"Assets/Effect/GabrielAguiarProductions 1/FreeQuickEffectsVol1/Materials/Swirl01_AB_2.mat","0",".mat","False","False","False","Low"
"Assets/Effect/GabrielAguiarProductions 1/FreeQuickEffectsVol1/Materials/Swirl01_AB.mat","0",".mat","False","False","False","Low"
"Assets/Effect/GabrielAguiarProductions 1/FreeQuickEffectsVol1/Materials/Scene/Sky.mat","0",".mat","False","False","False","Low"
"Assets/Effect/GabrielAguiarProductions 1/FreeQuickEffectsVol1/Materials/Scene/Ground.mat","0",".mat","False","False","False","Low"
"Assets/Model/Dallas_City/Materials/Dallas-Part_2.mat","0",".mat","False","False","False","Low"
"Assets/Model/zakoTexture/Material.003.mat","0",".mat","False","False","False","Low"
"Assets/Model/Materials/Cable.mat","0",".mat","False","False","False","Low"
"Assets/Particlecollection_Free samples/Animation/06.anim","0",".anim","False","False","False","Low"
"Assets/Oculus/OculusProjectConfig.asset","0",".asset","False","False","False","Low"
"Assets/Model/Dallas_City/Materials/Dallas-Part_4.mat","0",".mat","False","False","False","Low"
"Assets/Model/Dallas_City/Materials/Dallas-Part_3.mat","0",".mat","False","False","False","Low"
"Assets/Model/Dallas_City/Materials/Dallas-Part_6.mat","0",".mat","False","False","False","Low"
"Assets/Model/Dallas_City/Materials/Dallas-Part_5.mat","0",".mat","False","False","False","Low"
